use shipping;

INSERT INTO ships
VALUES
('Black Marlin','SH001','30','Blackbeard','15','USA West','1997');
INSERT INTO ships
VALUES
('Wahoo','SH002','45','Calico Jack','25','USA East','1932');
INSERT INTO ships
VALUES
('Bonefish','SH003','20','Anne Bonny','10','USA West','2022');
INSERT INTO ships
VALUES
('Mako','SH004','20','Charles Vane','10','Latin America','1901');
INSERT INTO ships
VALUES
('Bluefin','SH005','50','CHING SHIH','35','Asia','2001');
INSERT INTO ships
VALUES
('Sailfish','SH006','20','SIR FRANCIS DRAKE','10','USA West','1910');
INSERT INTO ships
VALUES
('Swordfish','SH007','30','BARTHOLOMEW ROBERTS','15','Europe','1997');
INSERT INTO ships
VALUES
('Fourwing','SH008','20','CAPTAIN KIDD','10','Asia','2022');
INSERT INTO ships
VALUES
('Great White','SH009','75','Jack Sparrow','40','USA West','2020');
INSERT INTO ships
VALUES
('Seahorse','SH010','40','Captain Morgan','30','USA East','1999');
INSERT INTO ports
VALUES
('USA West','Los Angeles','United States');
INSERT INTO ports
VALUES
('USA East','New York','New York');
INSERT INTO ports
VALUES
('Latin America','Buenos Aires','Argentina');
INSERT INTO ports
VALUES
('Asia','Shanghai','China');
INSERT INTO ports
VALUES
('Europe','Rotterdam','Netherlands');
INSERT INTO containers
VALUES
('SC001','8','8','39','330','SH002');
INSERT INTO containers
VALUES
('SC002','8','8','15','100','SH008');
INSERT INTO containers
VALUES
('SC003','8','8','25','125','SH005');
INSERT INTO containers
VALUES
('SC004','8','8','25','330','SH004');
INSERT INTO containers
VALUES
('SC005','8','8','39','274','SH001');
INSERT INTO containers
VALUES
('SC006','8','8','15','70','SH003');
INSERT INTO containers
VALUES
('SC007','8','8','39','27','SH007');
INSERT INTO containers
VALUES
('SC008','8','8','39','34','SH006');
INSERT INTO containers
VALUES
('SC009','8','8','25','100','SH005');
INSERT INTO containers
VALUES
('SC010','8','8','15','4','null');
INSERT INTO containers
VALUES
('SC011','8','8','39','330','SH003');
INSERT INTO containers
VALUES
('SC012','8','8','39','200','SH001');
INSERT INTO containers
VALUES
('SC013','8','8','15','330','SH010');
INSERT INTO containers
VALUES
('SC014','8','8','39','330','SH009');
INSERT INTO containers
VALUES
('SC015','8','8','39','330','SH007');
INSERT INTO containers
VALUES
('SC016','8','8','25','150','SH002');
INSERT INTO containers
VALUES
('SC017','8','8','39','250','SH010');
INSERT INTO containers
VALUES
('SC018','8','8','39','330','SH007');
INSERT INTO containers
VALUES
('SC019','8','8','25','330','SH004');
INSERT INTO containers
VALUES
('SC020','8','8','39','4','null');